USERNAME, USERID, WINS, LOSSES
testing bot,1178213952212185088,5,1,0.8333333333333334
Winter,426017740739051531,2,5,0.2857142857142857
myfavoritenumber,828371930980810763,0,1,0
